name,cat,ph,ts,pid,tid
dep_flow_,SYNC,s,3320784.64125,0,6
dep_flow_,SYNC,t,3320855.4425,0,6
dep_flow_,SYNC,s,3285231.9,0,2
dep_flow_,SYNC,t,3285293.2,0,2
dep_flow_,SYNC,s,3280496.95375,0,4
dep_flow_,SYNC,t,3280567.99625,0,4
dep_flow_,COMM,s,3280524.61,0,4
dep_flow_,COMM,t,3277194.64125,0,5
dep_flow_,COMM,s,3262074.565,0,3
dep_flow_,COMM,t,3280490.9675,0,4
dep_flow_,COMM,s,3392080.84875,0,0
dep_flow_,COMM,t,3302469.05625,0,1
dep_flow_,COMM,s,3302501.34875,0,1
dep_flow_,COMM,t,3285226.175,0,2
dep_flow_,COMM,s,3277227.72125,0,5
dep_flow_,COMM,t,3320778.31875,0,6
dep_flow_,COMM,s,3285259.79125,0,2
dep_flow_,COMM,t,3262041.4375,0,3
dep_flow_,COMM,s,3320812.40875,0,6
dep_flow_,COMM,t,3366888.17625,0,7
